{"cameraMode":{"drawMode":0,"name":"Shaded","section":"Shading Mode"},"sceneLighting":true,"audioPlay":false,"sceneViewState":{"m_AlwaysRefresh":false,"showFog":true,"showSkybox":true,"showFlares":true,"showImageEffects":true,"showParticleSystems":true,"showVisualEffectGraphs":true,"m_FxEnabled":true},"in2DMode":false,"pivot":{"x":-0.22936156392097474,"y":1.1045668125152588,"z":-0.47301387786865237},"rotation":{"x":-0.2583094537258148,"y":0.016516270115971566,"z":-0.004417463205754757,"w":-0.9659154415130615},"size":0.3984905779361725,"orthographic":false}