{"cameraMode":{"drawMode":0,"name":"Shaded","section":"Shading Mode"},"sceneLighting":true,"audioPlay":false,"sceneViewState":{"m_AlwaysRefresh":false,"showFog":true,"showSkybox":true,"showFlares":true,"showImageEffects":true,"showParticleSystems":true,"showVisualEffectGraphs":true,"m_FxEnabled":true},"in2DMode":false,"pivot":{"x":0.2907200753688812,"y":0.08124029636383057,"z":0.9817212820053101},"rotation":{"x":-0.3044026494026184,"y":0.0019986366387456657,"z":-0.0006392918294295669,"w":-0.9525473713874817},"size":1.506149411201477,"orthographic":false}