{"cameraMode":{"drawMode":0,"name":"Shaded","section":"Shading Mode"},"sceneLighting":false,"audioPlay":false,"sceneViewState":{"m_AlwaysRefresh":false,"showFog":true,"showSkybox":false,"showFlares":true,"showImageEffects":true,"showParticleSystems":true,"showVisualEffectGraphs":true,"m_FxEnabled":true},"in2DMode":false,"pivot":{"x":-1.1853866577148438,"y":1.1039347648620606,"z":-0.04621005058288574},"rotation":{"x":-0.018329842016100885,"y":-0.7409576773643494,"z":0.020240139216184617,"w":-0.6710027456283569},"size":7.5652852058410648,"orthographic":false}